<?xml version="1.0" encoding="UTF-8"?>
<project-private xmlns="http://www.netbeans.org/ns/project-private/1">
    <editor-bookmarks xmlns="http://www.netbeans.org/ns/editor-bookmarks/2" lastBookmarkId="0"/>
    <open-files xmlns="http://www.netbeans.org/ns/projectui-open-files/2">
        <group>
            <file>file:/D:/SCHOOL/FALL2020/CSC-251-0001%20-%20Advanced%20JAVA%20Programming/ZYBOOKS/WinningTeam/WinningTeam/src/winningteam/Team.java</file>
            <file>file:/D:/SCHOOL/FALL2020/CSC-251-0001%20-%20Advanced%20JAVA%20Programming/ZYBOOKS/WinningTeam/WinningTeam/src/winningteam/WinningTeam.java</file>
        </group>
    </open-files>
</project-private>
